Search Term,Tweet Text,URL
seltzer,Utrolig flott Ã¥ hÃ¸re Seltzer prate alvor med den folkegruppen jeg er aller mest fordommer mot. Ungdommen.,
seltzer,.@alex_pentland joined by @djweitzner and @w3c Wendy Seltzer for #datasecurity and #privacy discussion. #MITICT https://t.co/2vP6u8mygR,
seltzer,"""Pizza and seltzer water party next week?""",
seltzer,@marklevinshow @CR I think Dr Savage said it best. He is the Seltzer man. with no values. lol,
seltzer,RT @womensrrhumanr: Friends #FeelTheBern ?  Get them Alka Seltzer. https://t.co/bUG7Qsnf72,
seltzer,@Nighteyes_Wolf @thecoopertom never like Hi-C growing up...it was New York Seltzer or Clearly Canadian :),
seltzer,"We Are Scientists - Helter Seltzer (2016)
https://t.co/crFv4eQRtu
#FreeDownload https://t.co/li42xVbJLf",http://he26.blogspot.com/2016/04/we-are-scientists-helter-seltzer.html?spref=tw
seltzer,RT @womensrrhumanr: Friends #FeelTheBern ?  Get them Alka Seltzer. https://t.co/bUG7Qsnf72,
seltzer,Part 3 in my series of the @Kroger seltzer selection (or lack thereof) at the N Decatur store. Here's 4/18/16. https://t.co/ZxwPCtbSVU,
seltzer,Part 2 in my series of the @Kroger seltzer selection at the N Decatur store. Here's 4/5/16. https://t.co/fv8KCX2yjh,
seltzer,I'm starting a series showing the selection of @Kroger seltzer every time I visit the N Decatur store. Here's 3/27. https://t.co/3jy031A90G,
seltzer,@nuitdebout @soussam on se fait ce hackathon ? :),
seltzer,https://t.co/5buqcVsYdT,http://www.wellandgood.com/good-advice/is-seltzer-actually-bad-for-you/
seltzer,https://t.co/5buqcVsYdT https://t.co/Nb1nMCjoMC,http://www.wellandgood.com/good-advice/is-seltzer-actually-bad-for-you/
seltzer,Is there a 4/20 for seltzer?,
seltzer,I have been getting this question from a lot of people and stand corrected that in NYC it is always seltzer season! https://t.co/EJOWYfXuVY,https://twitter.com/karasstiles/status/722870190359228416
seltzer,"I just take my ass to work every day, drink my seltzer water and stay away from boys.",
seltzer,Oh but this make me laugh!!!  I had a seltzer water do this very same thing to me this weekend...but on accident! https://t.co/qmPuYQVTLX,https://twitter.com/Youmuppet_/status/719566403947376640
seltzer,"RT @ULIPhiladelphia: Mark Seltzer, @LibPropTrust discusses fascinating history of @NavyYardPhila; used to be @ broad &amp; federal #ULISpring hâ€¦",
seltzer,Lemon seltzer #refreshing https://t.co/H9ifVb4muP,https://www.instagram.com/p/BEbzCmyjHV9Fd6sMUcoPcdkUrb9jfMvkyKyZNc0/
seltzer,"RT @ULIPhiladelphia: Mark Seltzer, @LibPropTrust discusses fascinating history of @NavyYardPhila; used to be @ broad &amp; federal #ULISpring hâ€¦",
seltzer,oui tg Ã§a vaut mieuxğŸ˜Š,
seltzer,"@VizdeWiz dipende dalle tette, ci sono anche quelle da Alka-Seltzer",
seltzer,"&gt;drinking seltzer
&gt;stomach is upset because of it
&gt;continues to drink it anyway",
seltzer,Furry coffee-colored-the tiger seltzer as for the gaea: GEmHou,
seltzer,"Mark Seltzer, @LibPropTrust discusses fascinating history of @NavyYardPhila; used to be @ broad &amp; federal #ULISpring https://t.co/gVsqvDn0py",
seltzer,@ryandsandoval Have you seen what the man can do with Alka Seltzer? A faerie must have trapped him with us mortals.,
seltzer,"If anyone out there wants to bring me some nice, cold bottles of club soda/seltzer/what have you, I'd be eternally grateful.",
seltzer,@mwfrick when is it not seltzer season?!,
seltzer,"shits getting real bad, iâ€™m up to about a case a week, and itâ€™s getting worse. seltzer is taking over, canâ€™t even drink basic water anymore.",
seltzer,"Obama, Hill-Billary, Bernie ""Seltzer"" Sanders and the Femi-Nazis are after you and your moral credos. https://t.co/4QCDDkGNVU",http://fb.me/4XWV8pqm2
seltzer,"@rbrown1995 Target Adventures (part 2) went in for soap, came out with seltzer and yoga pants https://t.co/u8sEKXygCn",
seltzer,It's a loss leader; they'll ding you later on Alka-Seltzer and Kaopectate. https://t.co/rK0660GyOY,https://twitter.com/christogrozev/status/722561763066167296
seltzer,"Share your favorite #Vintage cocktail recipes. 

#Cocktails #Seltzer
#DrinkVintage #DoWhatComesNaturally https://t.co/Rx7EJD0gyO",
seltzer,@Ginger__Probz throw some alka seltzer in too,
seltzer,"@kaceytron drop an alka seltzer tablet in the water, it releases carbon dioxide and will painlessly kill the fish.",
seltzer,"@VintagePapi @HsgzDizzy idk abt that its hard to hide the taste of Roofies in plain water. Encourage her to get a seltzer, at least. #caring",
seltzer,Love is when your mom gets seltzer without you asking her to ğŸ’•,
seltzer,ë‚´ ì¸ìƒ ì†Œí™”ì œ... ê²Œë‹¤ê°€ ìŠ¤íŠ¸ë ˆìŠ¤ë°›ìœ¼ë©´ ìœ„ê°€ ìª¼ê·¸ë¼ë“œëŠ” ê³ í†µì´ ìˆëŠ”ë° ë¬¼ì— ë…¹ì—¬ë¨¹ëŠ” alka seltzer ë§ˆì‹œë©´ ë°”ë¡œ ê³ í†µì´ ê°€ì‹ ë‹¤... ìœ„ì•”ë°œë³‘ìœ¨ 1ìœ„ í•œêµ­ì€ ì™œ ì´ëŸ°ê²Œ ì—†ë‚˜ https://t.co/62jEbdzwjW,
seltzer,@CharlesConsigny @nuitdebout @LePoint Ã  partir de 18h ou 19h ils montent les stands jusqu'Ã  1h je crois. ValidÃ© par la prÃ©fecture.,
seltzer,@CharlesConsigny @nuitdebout @LePoint techniquement Ã  16h le lieu n'Ã©tait pas occupÃ©. Quasi normal. Juste des petits groupes. Normal.,
seltzer,@CharlesConsigny @nuitdebout @LePoint cool :),
seltzer,@seltzer_c @nuitdebout @LePoint Mais reste Ã  s'entendre sur la notion d'abus.,
seltzer,@seltzer_c @nuitdebout @LePoint Je crois que Ã§a manifeste surtout un dÃ©sir de mettre fin aux abus de tous types et lÃ  je signe.,
seltzer,Seltzer Bee Fierce Art Print - #gardens #gardening #garden #landscaping #diy https://t.co/RhlN7O7eCL https://t.co/510uinNG2Z,http://gardeningpleasures.xyz/seltzer-bee-fierce-art-print/
seltzer,RT @SPSHydroTag: Ethan Seltzer strikes a pose as he is drenched https://t.co/lhXqTtxofM,https://twitter.com/hydrotagchamp16/status/722853082653175809
seltzer,@DiorJuneB alla seltzer ë§‰ ê°ê¸°ì•½ë„ ë§Œë“¤ê³  í•´ì—´ì œë„ ë§Œë“œëŠ”ë°ë¼ì„œ ì˜ëª»í•˜ë©´ ê°ê¸°ì•½ ì‚¬ì˜¤ì‹œë‹ˆê¹ ê¼­ ì˜¤ë¥¸ìª½ í•˜ë‹¨ì˜ heartburn.... ê·¸ë¦¬ê³  ì‚¬ëŠ”ê³³ì€ ì˜¤ë©”ê°€ì“°ë¦¬ ìˆëŠ”ê³³ì´ë¼ë©´ ì•„ë¬´ë°ë‚˜ ë‹¤ ìˆì„ê±°ì—ì—¬,
seltzer,@DiorJuneB ì•— heartburn! í…€ì¦ˆëŠ” ì € ì¸„ì‰ë²„ì „ì´ë‘ ê°•ë„ëŠ” ë˜‘ê°™ì€ë° ì—­í•œë§›ì´ ë‚¨ì•„ìˆì–´ì„œ ì „ ë³„ë£¨ ì•ˆì¢‹ì•„í•´ì˜ ë‹¤ë¥¸ê±´ ëª°ë¼ë„ ì˜ì–‘ì œë‘ ì € ì†Œí™”ì œ ê¼­ ì‚¬ì˜¤ì‹œë¼ê³  í•˜ì„¸ìš” alka seltzer ì œ ì¸ìƒ ì†Œí™”ì œì—ìš”....,
seltzer,RT @Nickmelons: I think that you should have rare birds flying around in your locations. Also you should have video games and free seltzerâ€¦,
seltzer,"Sunshine, Seltzer water, hot pockets that don't turn out to be literal hot pockets of lava, unexpected compliments..",
seltzer,I think that you should have rare birds flying around in your locations. Also you should have video games and free seltzer water @CA_DMV,
seltzer,RT @SeltzerPlease: Gamin'. :) @PlayOverwatch https://t.co/bmAihQJScw https://t.co/octqplCebr,http://Twitch.tv/Seltzer
seltzer,"@terrencemcd Well, if they didn't label it ""seedless"" the consumer would've thought there would be seeds in there seltzer, naturally.",
seltzer,a cop just tried to ticket me for drinking seltzer water in the park.,
seltzer,Ethan Seltzer strikes a pose as he is drenched https://t.co/lhXqTtxofM,https://twitter.com/hydrotagchamp16/status/722853082653175809
seltzer,RT @olicrawley: Come at me Summer! https://t.co/cu9xtU90Pf,
seltzer,If you drink plain seltzer I respect you,
seltzer,@WilliamShatner how do you feel about Seltzer? #bubbles,
seltzer,Just got a few great tips on my new island fortress in #CloudRaiders. Find me - Zyan Seltzer https://t.co/l1SybQXLDH https://t.co/KwrW4Hokkd,http://cloudraiders.com/p/1393406302/?implicit=1&ci=89
seltzer,I wonder if Harriet liked seltzer? #HarrietTubman #Legend #20DollarBill,
seltzer,"""Want sinkers? Don't use seltzer or baking powder.
Want floaters with substance? Use seltzer or very little... https://t.co/CEtTxI355U",http://fb.me/7hQXbW1cn
seltzer,RT @HydrotagChamp16: @SPSHydroTag passing time is a dangerous time. #OneMoreEthanLeft #FreshMeat https://t.co/RgYizSHglB,
seltzer,Friends #FeelTheBern ?  Get them Alka Seltzer. https://t.co/bUG7Qsnf72,
seltzer,"My whole life I've hated seltzer, but I'm drinking it right now and enjoying it...  I thought I knew myself so well up until this moment.",
seltzer,@VikingRiver do your guests enjoy seltzer on your cruises? #bubbles #seltzergram,
seltzer,ì—´ì–´ë¶„ ì´ íœì€â€¦ í…ë°”ì´í…ì—ì„œ 20í¼ì„¼íŠ¸ ì„¸ì¼í•´ì„œ 8400ì›ì…ë‹ˆë‹¤. https://t.co/gfK16veAab,http://m.10x10.co.kr/search/search_item.asp?cpg=1&burl=http%3A%2F%2Fm.10x10.co.kr%2F&prvtxt=Setzer&rect=Seltzer
seltzer,ì´ê²ƒë„ ì¢‹ë‹¤ Seltzerì˜ seven year penì´ë¼ê³  ì‰í¬ ì–‘ì´ 7ë…„ ë™ì•ˆ ì“¸ ìˆ˜ ìˆëŠ” ì–‘ì´ë¼ ì´ë¦„ì´ ê·¸ë ‡ë‹¨ë‹¤ ì¢…ë¥˜ë„ ë‹¤ì–‘í•˜ê³  ê·€ì—½ê³  ì˜ˆìœë° ë˜ ë¯¼íŠ¸ì— ì¹˜ì„ ë¯¼íŠ¸ ë‚  ë†”ì¤˜ https://t.co/xjRUJqlvOp,
seltzer,@mobilesworking I vaguely recall it tasting sort of like alka seltzer.,
seltzer,"Whatâ€™s more #NYC than cracking open a cold bottle of seltzer withâ€¦ well, everything? #HalsNewYork #EXKiNYC https://t.co/Mf5X0JOn6P",
seltzer,"Of course, the met should be aware that i canâ€™t hate friedberg and seltzer because they won't let you buy amiga power!",
seltzer,"antique etched glass seltzer bottle, Calif. Bev. Co, Chicago, w/ top https://t.co/oDjvf4Wq8d https://t.co/tGEnZKLaez",http://switzerland-ch.info/lndch/swtzr/?query=http://rover.ebay.com/rover/1/711-53200-19255-0/1?ff3=2&toolid=10039&campid=5337597384&item=311596433503&vectorid=229466&lgeo=1
seltzer,"@terrencemcd Melissa made the same joke, but it's delicious...I'm all for GMO seltzer.",
seltzer,@jimmyjohns is there a limit to the amount of 1$ subs each person can get tomorrow??,
seltzer,@AnibalLitvin jaa! El Alka-seltzer !!,
seltzer,https://t.co/9U7Nh3J8ld 100 ea Leland Soda Chargers Seltzer Chargers CO2,http://a4ub.com/IS0_Bz
seltzer,NBA News - https://t.co/m0MQyvWQlR - Seltzer&amp;amp#039s Notebook Putting 3&amp;amp#039s in Context Brand&amp;amp#039s Hustle,http://newzbots.me/?156B464
seltzer,@CharlesConsigny @nuitdebout @LePoint Or on attendrait la droite revendiquÃ©e qu'elle ne regarde les individus.,
seltzer,"@CharlesConsigny @nuitdebout @LePoint Tu rÃ©duis le mouvement Ã  un slogan, Ã  un objectif. Or c'est faux. Seulement vrai pour les caricatures.",
seltzer,@CharlesConsigny @nuitdebout @LePoint chez certains sÃ»rement. Chez d'autres tout le contraire. Es tu allÃ© les voir ?,
seltzer,RT @amass_jp: ç±³ã‚¤ãƒ³ãƒ‡ã‚£ãƒ¼ãƒ­ãƒƒã‚¯ãƒ»ãƒãƒ³ãƒ‰ã€ã‚¦ã‚£ãƒ¼ãƒ»ã‚¢ãƒ¼ãƒ»ã‚µã‚¤ã‚¨ãƒ³ãƒ†ã‚£ã‚¹ãƒ„ï¼ˆWe Are Scientistsï¼‰ãŒæ–°æ›²ã€ŒHeadlightsã€ã‚’å…¬é–‹ã€‚è©¦è´å¯ã€‚ã“ã®æ›²ã¯4æœˆç™ºå£²ã®æ–°ã‚¢ãƒ«ãƒãƒ ã€Helter Seltzerã€ã«åéŒ²ã€€https://t.co/JhmnFE7â€¦,http://amass.jp/71812/
seltzer,@seltzer_c @nuitdebout @LePoint Je ne comprends pas ce que tu dis,
seltzer,@CharlesConsigny @nuitdebout @LePoint C'est drÃ´le d'Ãªtre individualmÃ©thodo et de s'enfermer soi mÃª dans le holisme en englobant les choses.,
seltzer,@CharlesConsigny @nuitdebout @LePoint Je comprends alors quel est ton mindset Ã  partir de cette grille de lecture. Qui n'est pas la mienne.,
seltzer,@seltzer_c @nuitdebout @LePoint Et elle traduit aussi la volontÃ© de table rase. J'imagine qu'on s'appelle par son prÃ©nom...,
seltzer,"@seltzer_c @nuitdebout @LePoint Il traduit leur volontÃ© d'aplatir, de dÃ©courager les efforts, de nier les talents.",
seltzer,@seltzer_c @nuitdebout @LePoint Et Ã  mon avis cette obligation tutoyante dit beaucoup de cette manifestation allongÃ©e.,
seltzer,@CharlesConsigny @seltzer_c @nuitdebout @LePoint ahaha,
seltzer,"@seltzer_c @nuitdebout @LePoint Vous, Ãªtre innombrable Ã  qui je parle.",
seltzer,@CharlesConsigny @seltzer_c @nuitdebout @LePoint conservateur :(,
seltzer,@seltzer_c @nuitdebout @LePoint Le vouvoiement est un hommage Ã  la pluralitÃ© de l'autre.,
seltzer,@seltzer_c @nuitdebout @LePoint Ben dÃ©jÃ  un endroit oÃ¹ tout le monde se tutoie j'aime pas trop.,
seltzer,"RT @GildedALM: WE ARE SCIENTISTS

Helter Seltzer

.
.
.
.

OUT FRIDAY!
@WeAreScientists
@100__PERCENT
https://t.co/fJ3bNBm3Ar

https://t.coâ€¦",https://itun.es/i6Ys5TK
seltzer,Tangerine Kevita tastes like mf alka seltzer,
seltzer,RT @ORLfoodlab: Thanks sponsor #WinterPark Seltzer Co. See you at the next #ORLFood https://t.co/mtoSzdxSRQ | #orlando #food event https://â€¦,http://bit.ly/1RCFcH0
seltzer,@mattytally a year ago I did the same. Unsweet tea. Seltzer water to satisfy the craving for carbonation. Haven't touched a diet soda since,
seltzer,@seltzer_c @nuitdebout relis toi :),
seltzer,@po_tayto yes. Black cherry polar seltzer is the balls. So good,
seltzer,"@gdechanterac @nuitdebout Ce ne sont que des hypothÃ¨ses. Et pas de l'ad hominem. Ce n'est pas une posture. C'est du discours, de l'action.",
seltzer,@seltzer_c @nuitdebout ? Qu'en sais-tu ? C'est facile la positon du bourgeois libÃ©ral cool copain avec tout le monde :),
seltzer,right because some child abuser thinks 45 snap units or soda and seltzer stops reporting child abuse @bostonpolice dudes check ur selves in,
